,Created_at,Username,Tweet
0,2022-09-20 17:29:36+00:00,YuvaSirsa,"RT @Nyksindia: NYK Visakhapatnam- Coastal Cleanliness Campaign "" Swachh Sagar, Surakshit Sagar/ Clean Coast Safe Sea"" at R.K. Beach/Yarada‚Ä¶"
1,2022-09-20 17:29:36+00:00,GonzoGuad,The fact that Americans are willing to piss away our Democracy is so 2022. ü§® #VoteBlueToSaveAmerica
2,2022-09-20 17:29:36+00:00,coupwoorideul,"RT @pledis_17jp: 2022.11.09 RELEASE
#SEVENTEEN JAPAN 1ST EP„ÄåDREAM„ÄçHIPHOP TEAM Artist Photo

#WONWOO 

#DREAM #SVT_DREAM https://t.co/gCUTVo‚Ä¶"
3,2022-09-20 17:29:36+00:00,BharathrockyB,RT @OrmaxMedia: Ormax Stars India Loves: Most popular male film stars in India (Aug 2022) #OrmaxSIL https://t.co/LxkrUwE85g
4,2022-09-20 17:29:36+00:00,ShelLovesMew,"RT @MPearls97: ‚ú® I G  F O L L O W E R S ‚ú®
     üíó MEW SUPPASIT üíó
      -  18-20 / 09 / 2022  - 
 [ 4,826,668 ‚ñ∂Ô∏è 4,837,993 ]

              +‚Ä¶"
5,2022-09-20 17:29:36+00:00,Chichu_katelyn,"RT @j1soomar: BLACKPINK Performs ""Pink Venom"" | 2022 VMAs https://t.co/IieZTWYNQ8 ‡∏ú‡πà‡∏≤‡∏ô @YouTube"
6,2022-09-20 17:29:36+00:00,Wahyubae062,"RT @DoctorMdShadab: üéôÔ∏èWe're pleased to announce our next #AMA with  Halcyon Initiative 

‚è∞21st SEP  2022  at 14:00 PM UTC

üí∞Rewards Pool: $‚Ä¶"
7,2022-09-20 17:29:36+00:00,wedik14,"RT @tigray116: ‚ÄúThe widespread denial and obstruction of access to basic services, food, healthcare, and humanitarian assistance to Tigray.‚Ä¶"
8,2022-09-20 17:29:36+00:00,PimenJongkey,"I've read this manga multiple times! You should check it out, too!
 
#cupheadshow #TGCF #artist

https://t.co/bADXm937x3 https://t.co/T78g23o2G3"
9,2022-09-20 17:29:36+00:00,mundolinuxbot,RT @gaetanoz: Rise in XorDdos: A deeper look at the stealthy DDoS malware targeting Linux devices  https://t.co/q9phFQuQEb
10,2022-09-20 17:29:36+00:00,EmilieFELIX59,"RT @pchiron: ¬´¬†TikTok‚Äôs rise as a discovery tool is part of a broader transformation in digital search.¬†¬ª

https://t.co/setGg70oBc"
11,2022-09-20 17:29:36+00:00,manmeet_ahuja,"RT @cryptocom: üö® https://t.co/vCNztATkNg is supporting the Tax Burn for LUNC on Terra Classic (LUNC) Network üö®

üóìÔ∏è Scheduled at block 9,475‚Ä¶"
12,2022-09-20 17:29:36+00:00,SonOfAlgos,"70% of Americans support Ukraine &amp; Europe wholeheartedly, but the 30% Rightwingers in the US do not, &amp; are actually Putin supporters, &amp; this minority will actually control the US in 2022 &amp; 2024 because of the way the Electoral system in the US is set up."
13,2022-09-20 17:29:36+00:00,amsekn,"RT @TailsAustin9922: Some shots from the new teaser for Sonic Prime! Coming Winter 2022!

#SonicTheHedgehog #SonicPrime https://t.co/3bpWCo‚Ä¶"
14,2022-09-20 17:29:36+00:00,Nightin73634390,"RT @RoyalFamily: ‚ÄòMay flights of Angels sing thee to thy rest.‚Äô

In loving memory of Her Majesty The Queen.

1926 - 2022 https://t.co/byh5u‚Ä¶"
15,2022-09-20 17:29:36+00:00,nightsky1026,"RT @LarryOConnor: Did they use bleach bit?  Or hammers?  because we know that's ok.. .right?

https://t.co/Cv38Yb7B4V"
16,2022-09-20 17:29:36+00:00,Justinl0501,RT @realTuckFrumper: Trump Suffers Early Morning Mental Collapse As Investigations Intensify https://t.co/4NPBsVJ2oB
17,2022-09-20 17:29:36+00:00,0__Shunya__0,RT @ShivAroor: Kabaddi players at state-level tournament in UP served food in toilet near a row of urinals. Detailed report on @IndiaToday.‚Ä¶
18,2022-09-20 17:29:36+00:00,RealKingOfCheap,"RT @ByJohnFrank: A potential U.S. beer shortage looms with gap in carbon dioxide supply https://t.co/0SnIQkuy7O 
#cobeer #gabf #BEER #Axios‚Ä¶"
19,2022-09-20 17:29:36+00:00,hotboytakes,"RT @sluggahjells: ""Dallas is a club that I grew up watching a club that I signed a very and all I wanna do is bring a bring something. Brin‚Ä¶"
20,2022-09-20 17:29:36+00:00,MonarchFromGR,RT @physorg_com: Researchers advance efforts to tailor drug delivery to cells' mitochondria @PNASNexus https://t.co/BghamCrGAR https://t.co‚Ä¶
21,2022-09-20 17:29:36+00:00,GilFitz37,"""...prosecutors might use Trump‚Äôs public assertions that he declassified documents against him, as they appear both false and deliberately designed to disguise a corrupt act. This could show 'corrupt intent' and 'proof of willfulness,' Goodman said.""
https://t.co/1zxHqJz25L"
22,2022-09-20 17:29:36+00:00,barrysi35380554,RT @CoinDesk: .@Grayscale has hired a former top lawyer in the Obama Administration as the SEC‚Äôs decision on the firm‚Äôs application to conv‚Ä¶
23,2022-09-20 17:29:35+00:00,coolestcatiknow,RT @gleeda: Has anyone else noticed that the https://t.co/uwkrMcbavu.LaunchServices.QuarantineEventsV2 file doesn't track urls anymore sinc‚Ä¶
24,2022-09-20 17:29:35+00:00,KukunSahoo,"RT @SacnilkEntmt: This is Insane!!üî•

As of now, #Brahmastra sold more than 4L tickets for #NationalCinemaDay [23rd September 2022]‚úÖ

Within‚Ä¶"
25,2022-09-20 17:29:35+00:00,MianNoumanPPP,"RT @MediaCellPPP: Foreign Minister @BBhuttoZardari met State Councilor and Foreign Minister of China, Wang Yi, on the Sidelines of 77th Ses‚Ä¶"
26,2022-09-20 17:29:35+00:00,CatChen,RT @TimSweeneyEpic: This highlights Apple's monopoly pricing power and also their seldom-discussed practice of fixing the ratio of app pric‚Ä¶
27,2022-09-20 17:29:35+00:00,mb_udoy,"RT @AmongElrond: The red button was been pressed! 

One of the crew members has been found dead..

Are you with the crew or.. against them?‚Ä¶"
28,2022-09-20 17:29:35+00:00,ojusher,RT @trisdyson: @Challenge_Works has started work today on the Jersey Technology Accelerator https://t.co/raskWPiHif
29,2022-09-20 17:29:35+00:00,lesbianforRose,"RT @billboardcharts: The #HotTrendingSongs, powered by @Twitter, top 10 (chart dated Sept. 24, 2022)"
30,2022-09-20 17:29:35+00:00,LukesD8poohbear,Trump lawyers don't want to say if he declassified documents in FBI search #SmartNews gee I wonder why üßê https://t.co/A7PdQxz7hm
31,2022-09-20 17:29:35+00:00,63e661dba85e453,"RT @ygent_official: #TREASURE ‚ÄòTHE SECOND STEP : CHAPTER TWO‚Äô CONCEPT POSTER &lt;JUNKYU&gt;

2nd MINI ALBUM ‚ÄòTHE SECOND STEP : CHAPTER TWO‚Äô
‚úÖ2022‚Ä¶"
32,2022-09-20 17:29:35+00:00,twotime2equals4,"RT @theragex: Guided by Articles 59, 60 of the Constitution of the Donetsk People's Republic, in order to hold a referendum on joining the‚Ä¶"
33,2022-09-20 17:29:35+00:00,lindsaydowling,"RT @dominos: FREE DOMINO'S GIVEAWAY FOR #NationalPepperoniPizzaDay!‚Äã

RT for your chance to #WinDominosPizza for a YEAR!‚Äã

Rules: https://t‚Ä¶"
34,2022-09-20 17:29:35+00:00,Iam_Spiritual_,RT @SatlokChannel: International Peace Day 2022 or World Peace Day is celebrated on September 21 every year which focuses on giving peace a‚Ä¶
35,2022-09-20 17:29:35+00:00,reghanrose,"RT @WpgSoccer: ‚öΩÔ∏èTEAM SPOTLIGHT‚öΩÔ∏è
.
The fourth and final segment of our team spotlight will be highlighting the @WSEUSoccer U16/17GPR1 Red‚Ä¶"
36,2022-09-20 17:29:35+00:00,LewisLisaL,"I was honored to present about teen sleep at the Challenge Success Fall 2022 conference (held at Stanford this past weekend) -- what a terrific turnout of school teams, including parents and students! @chalsuccess"
37,2022-09-20 17:29:35+00:00,nanatata1330,"RT @chimigraphic: 'Rush Hour' CRUSH (Feat. j-hope of BTS)
2022.09.22 (THU) 6PM KST ‚ù§Ô∏è‚Äçüî• https://t.co/2VkpNpa5aq"
38,2022-09-20 17:29:35+00:00,PrinceLuka__,"RT @TogashiTweets: Hunter X Hunter will finally return with the 37th volume and will be released on Nov 4, 2022 in Japan.

It has been 4 Ye‚Ä¶"
39,2022-09-20 17:29:35+00:00,OkelloMarido,"RT @AJEnglish: One person is estimated to be dying of hunger every four seconds, more than 200 NGOs have warned https://t.co/KeFELBViT9 htt‚Ä¶"
40,2022-09-20 17:29:35+00:00,worldnewsdotcom,"#Myanmar military threatens jail for online #likes‚Äô for opponents

#humanrights #burma #censorship #socialmedia 

https://t.co/UnoP9osNyI https://t.co/p9UsrFmHcj"
41,2022-09-20 17:29:35+00:00,wedik14,"RT @tigray116: In a statement, Commission Chair Kaari Betty Murungi described the humanitarian crisis in Tigray as ‚Äúshocking, both in terms‚Ä¶"
42,2022-09-20 17:29:35+00:00,RuislipWoods,RT @Gehan_de_Silva: @LondonBirdClub @LNHSoc walk on Sat 17 Sept 2022 to Ruislip Woods led by Neil Anderson. Bookmatk checklist sponsored by‚Ä¶
43,2022-09-20 17:29:35+00:00,CelticLady1953,CELTICLADY'S REVIEWS: Stolen City by Elisa A. Bonnin Blog Tour and Givea... https://t.co/MHzaeqtsI4
44,2022-09-20 17:29:35+00:00,Kayisa,"RT @klabrw: Are you a limited company with potential &amp; a scalable business model? Win a revolutionised funding worth 10,000EUR to 50,000 EU‚Ä¶"
45,2022-09-20 17:29:35+00:00,trendseok,"RT @chimigraphic: 'Rush Hour' CRUSH (Feat. j-hope of BTS)
2022.09.22 (THU) 6PM KST ‚ù§Ô∏è‚Äçüî• https://t.co/2VkpNpa5aq"
46,2022-09-20 17:29:34+00:00,withmeitsaFTjob,"RT @rgoodlaw: Key ‚Äî and I mean, key ‚Äî to Espionage Act offense that Justice Department cited in Mar-a-Lago search warrant is if Trump ‚Äúwill‚Ä¶"
47,2022-09-20 17:29:34+00:00,ohsullie,RT @adamjohnsonNYC: Can the charmless Malthusian mole man keep the monarchy relevant by latching on to hollow neoliberal charity rhetoric??‚Ä¶
48,2022-09-20 17:29:34+00:00,BDSaf4,"RT @RaytheonIntel: We're making #AirTravel safer with @FAANews. 

By upgrading our space-based #NavigationSystem WAAS, we're helping pilots‚Ä¶"
49,2022-09-20 17:29:34+00:00,jjklarry17,"RT @votingbrigade: I. DON'T. WANT. TO. SEE. BTS. LOSING. THIS. AWARD. YOU. HEAR. ME. ARMY. 

BTS WILL ATTEND TMA 2022"
50,2022-09-20 17:29:34+00:00,Noori_2022,"I'm not going to participate in these polls

Roz Naya tamasha
  #HarshadChopda  ‚Ä¢ #yrkkh"
51,2022-09-20 17:29:34+00:00,GuyGadboisGuyG1,"RT @Frank_Stones: Japan is predicting its winter will trend colder as La Nina stretches into a third year, increasing the need for heating‚Ä¶"
52,2022-09-20 17:29:34+00:00,swissbusiness,"The scene after Hurricane Fiona battered Puerto Rico and the Dominican Republic
The National Hurricane Center warned that both Puerto Rico and the Dominican Republic should expect ""catastrophic flooding"" from the slow-moving storm.
https://t.co/EwtPdQGR7c"
53,2022-09-20 17:29:34+00:00,CoachE_Daniels,"RT @MeanGreenFB: üèÜ @ConferenceUSA ùó¶ùóΩùó≤ùó∞ùó∂ùóÆùóπ ùóßùó≤ùóÆùó∫ùòÄ ùó£ùóπùóÆùòÜùó≤ùóø ùóºùó≥ ùòÅùóµùó≤ ùó™ùó≤ùó≤ùó∏

Congratulations, Kaylon. Big time. üëèüëèüëè

‚û°Ô∏è https://t.co/eJKkUYcqCU

#GM‚Ä¶"
54,2022-09-20 17:29:34+00:00,Toby2016Hart,"It's September 20, 2022 at 10:29AM . #MembersGetIt #RewardsPoints #FindYourRoute #MRpoints"
55,2022-09-20 17:29:34+00:00,Ricki2008,"RT @RobinABanker: Lauren Boebert is part of a dangerous religious movement that threatens democracy, experts say https://t.co/hkKnrIJFW8 vi‚Ä¶"
56,2022-09-20 17:29:34+00:00,PtraAlban,"RT @OnThinlce: üíø SOUL SOLD SEPARATELY

üë§ FREDDIE GIBBS

üìÖ SEPTEMBER 30TH, 2022 https://t.co/6bEXyYeej4"
57,2022-09-20 17:29:34+00:00,BestOfMelanieC,"RT @flashbacklondon: RESTOCK of Mel C's debut album, pressed on vinyl for the first time for Record Store Day 2022. 

Melanie C - Northern‚Ä¶"
58,2022-09-20 17:29:34+00:00,MelusiSiboniso,"This is devastating. The continued onslaught on #Palestine should end... Read a statement by @Follow_SALC and signed by about 130 human rights organisations in #Africa.
#Justice #Dignity #HumanRights #Palestinian 
https://t.co/gLYW4K8nio https://t.co/IqiFEvhCZU"
59,2022-09-20 17:29:34+00:00,ozzymemon,"RT @scholarsregion: Study-In-Netherlands: 2022 University of Groningen Eric Bleumink Fund Scholarships

Host Country: Netherlands

Category‚Ä¶"
60,2022-09-20 17:29:34+00:00,bjc5473,"RT @cheryl_english: I defy any1 who watch #cedawinlaw #tsm tribunal 13th july 2022 &amp; seen the evidence laid bare, not 2 support #50sWomen a‚Ä¶"
61,2022-09-20 17:29:34+00:00,Shahfars100,"SIA raids Falah-e-Aam Trust offices in Kashmir
 September 20, 2022  
KW reports from Indian-occupied Kashmir

Sopore, Sep 20: The State Investigating Agency (SIA) on Tuesday morning raided the office of Falah-e-Aam Trust in the Sopore area of North Kashmir‚Äôs Baramulla"
62,2022-09-20 17:29:34+00:00,SailorHannibal,RT @sonic_hedgehog: He'll shatter your world. Sonic Prime is coming to Netflix Winter 2022! https://t.co/ux5QLETJh4
63,2022-09-20 17:29:34+00:00,DogaliV,RT @Alula_Solomon: U.S. says it's aware of Eritrean troops in northern #Ethiopia | Reuters https://t.co/0U2WR6dUrJ
64,2022-09-20 17:29:34+00:00,coysbwizjet,"RT @MarshaCollier: That's not a real job opening:
Some companies are posting 'ghost jobs' but don't actually plan to hire you ‚Äî or anyone‚Ä¶"
65,2022-09-20 17:29:34+00:00,JoyoRalph,"I love the art style in ""Tender Loving CEO"" so much! It's gorgeous! The character designs are amazing, too! Highly recommend!
 
#artshare #PaperGirls #mangareader

https://t.co/CITMaLc3Zq https://t.co/Ki8SlIqziH"
66,2022-09-20 17:29:34+00:00,CorxandForx,RT @ExtinctionR: '@exxonmobil announced a $17.85bn profit for 2nd quarter 2022 (nearly 4x [what] it made a year ago); both @Chevron &amp; @Shel‚Ä¶
67,2022-09-20 17:29:34+00:00,KB_Bulletin,"Rumour floated by one non-Kashmir based politician about closure of Jamia Masjid Sgr is baseless, it is clarified that Jamia is fully open; Srinagar Police

https://t.co/vVvJ5JoHXd @SrinagarPolice"
68,2022-09-20 17:29:34+00:00,TeamPoliceUK,"Fourth police sporting story! üöì

In our latest police sporting story Claire Thorn talks about life after policing: 'Is there life after the police ‚Äì oh yes there is!‚Äô

Read more: https://t.co/RIbEVEHiOP

#policesport #psuk #teampolice #policewellbeing #rolemodels #policing https://t.co/MhJfGCURkE"
69,2022-09-20 17:29:34+00:00,_hongseok_94,"RT @WEi__Official: Dallas, R U READY‚Åâ

#ÏúÑÏïÑÏù¥ #WEi #Î£®ÏïÑÏù¥ #RUi 
#2022_WEi_WORLD_TOUR
#FIRST_LOVE #DALLAS
#ÏúÑÏïÑÏù¥_Í∞ÄÎ≥¥ÏûêÍ≥† https://t.co/CJhb7DnUli"
70,2022-09-20 17:29:34+00:00,aamewkasep,"RT @MPearls97: ‚ú® I G  F O L L O W E R S ‚ú®
     üíó MEW SUPPASIT üíó
      -  18-20 / 09 / 2022  - 
 [ 4,826,668 ‚ñ∂Ô∏è 4,837,993 ]

              +‚Ä¶"
71,2022-09-20 17:29:34+00:00,ChemistRenegade,RT @nytimes: Breaking News: The Justice Department has charged 44 people with stealing $240 million from pandemic aid programs intended to‚Ä¶
72,2022-09-20 17:29:34+00:00,dakotabarnbaby,RT @realTuckFrumper: POTUS DELIVERS: Biden signs law eliminating statute of limitations for survivors of child sexual abuse https://t.co/id‚Ä¶
73,2022-09-20 17:29:34+00:00,MarkKirbyLeeds,"RT @_HenryBolton: How many times have these two total hypocrites gone on witch hunts, attacked other people‚Äôs morals and said politicians a‚Ä¶"
74,2022-09-20 17:29:34+00:00,thvrve,"RT @sugadboy: ‚Äî üö® ARMY, PASEN A VOTAR POR BTS EN IDOL PLUS POPULARITY AWARD, BTS CONTIN√öA EN #2 LUGAR 

(https://t.co/DnX94fzmqt)

BTS WILL‚Ä¶"
75,2022-09-20 17:29:34+00:00,amorfodaz,RT @AccessBadBunny: Bad Bunny &amp; Bomba Est√©reo‚Äôs ‚ÄúOjitos Lindos‚Äù has been nominated for ‚ÄúRecord Of The Year‚Äù at the 2022 Latin Grammy. #Lati‚Ä¶
76,2022-09-20 17:29:34+00:00,MarkOndari,"RT @TheNewmanLab: Tertiary alcohols participate in deoxygenative Suzuki-Miyaura coupling co-catalyzed by Ni and Bi. Now online @ChemRxiv.
h‚Ä¶"
77,2022-09-20 17:29:34+00:00,Patma26836434,RT @dramapotatoe: #CoupleofMirrors‚Äô #ZhangNan and #SunYihan reunite at the 2022 Li-Ning Airport Show https://t.co/ExxGOs11aL
78,2022-09-20 17:29:34+00:00,NSilencedChild,"RT @JumaraloHexCore: Spirit Blossom 2022 SplashArts Posted by Lol Philipines Facebook

- Sett
- Aphelios
- Syndra
- Evelynn https://t.co/6D‚Ä¶"
79,2022-09-20 17:29:34+00:00,KeizeKeren,"@jmtokyos @BTS_twt Jimin

Listen to #jhope_MORE the song of 2022 from the album #JackInTheBox by #JHOPE of (@BTS_twt"
80,2022-09-20 17:29:34+00:00,Amarjit14806830,"RT @TechnicalGuruji: Crazy Smartphone Deals - Flipkart Big Billion Days 2022 - iPhone 13 Giveawayüî•üî•üî•
https://t.co/6pJfuIzsRy via @YouTubeIn‚Ä¶"
81,2022-09-20 17:29:33+00:00,PeterDust22,"My New Zealand playing 11 for
T20 WC 2022 in Australia

Finn Allen
Devon Conway (wk)
Kane Williamson (C)
Glenn Philips
Daryl Mitchell
Jimmy Neesham
Michael Bracewell
Mitchell Santner
Ish Sodhi
Tim Southee
Trent Boult

#CricketTwitter https://t.co/JqSYjEkgZq"
82,2022-09-20 17:29:33+00:00,DigestEcon,Rationalizing the Discussion on Migration and Policy https://t.co/cSgKYyWPQy
83,2022-09-20 17:29:33+00:00,gemgemmzzzz1,"RT @_HenryBolton: How many times have these two total hypocrites gone on witch hunts, attacked other people‚Äôs morals and said politicians a‚Ä¶"
84,2022-09-20 17:29:33+00:00,southrockbuoy,Air Press:1025hPa at 20/09/2022 18:26:00
85,2022-09-20 17:29:33+00:00,metav3rse_,RT @wholesomeweb3: Crypto Exchange Huobi Global Enables Cryptocurrency Purchases With Fiat in Latin America - CoinDesk https://t.co/f9Pcbmw‚Ä¶
86,2022-09-20 17:29:33+00:00,axarob_,RT @Lakers: Like they never stopped: Showtime ‚Äò80s ¬ª 2022 https://t.co/tF9CHpyfDp
87,2022-09-20 17:29:33+00:00,doyoungista,"RT @ygent_official: #TREASURE ‚ÄòTHE SECOND STEP : CHAPTER TWO‚Äô CONCEPT POSTER &lt;YOON JAE HYUK&gt;

2nd MINI ALBUM ‚ÄòTHE SECOND STEP : CHAPTER TWO‚Ä¶"
88,2022-09-20 17:29:33+00:00,jonathanchait,"With Elton John White House concert, Biden keeps living Trump's dream presidency https://t.co/bsJ91HJP9j"
89,2022-09-20 17:29:33+00:00,2605NI,"RT @Manchester_FA: Tonight, @AbbeyHeyFC take on @StalyCelticFC in the preliminary round of the Frank Hannah Manchester FA Premier Cup ü§ù

Ki‚Ä¶"
90,2022-09-20 17:29:33+00:00,UsdawUnion,#Usdaw joins a TUC co-ordinated legal challenge against the Government‚Äôs ‚Äústrike-breaking‚Äù agency worker regulations https://t.co/CCLE17pBBM
91,2022-09-20 17:29:33+00:00,wedik14,RT @tigray116: UN experts on Monday said that there are reasonable grounds to believe that ‚Äúwar crimes and crimes against humanity‚Äù have be‚Ä¶
92,2022-09-20 17:29:33+00:00,gerdesilets,the cutest poem in the world https://t.co/3OM43LkEaF via @unbolt
93,2022-09-20 17:29:33+00:00,MattiaRaimo83,"RT @CrazyItalianPol: Vittorio Sgarbi having fun at bumper cars. Sept 19, 2022. https://t.co/1c8PCIqPG6"
94,2022-09-20 17:29:33+00:00,BallybunionBuoy,"Water Temp:16.2 ¬∞C, Wave Height:1m, Wave Dir:269 ¬∞(W), Wave Period:11s, Avg Wind:9kts, Gust:13kts at 20/09/2022 18:24:00"
95,2022-09-20 17:29:33+00:00,HollisterFLA,RT @RepMarkGreen: This is exactly what fentanyl should be classified as‚Äîa WMD. Enough is enough. How many more families have to suffer? #St‚Ä¶
96,2022-09-20 17:29:33+00:00,IndiaToday,"#AmanatullahKhan was arrested on Friday in connection with irregularities in Delhi Waqf Board recruitment after day-long raids at his and his aides‚Äô homes.

By @arvindojha 

https://t.co/NjswvLuXgv"
97,2022-09-20 17:29:33+00:00,travisparker551,"RT @SenatorHousakos: Poor judgment from Justin Trudeau has become a pattern. Black facing, thank you for your donation, ethnocentric behavi‚Ä¶"
98,2022-09-20 17:29:33+00:00,Randy75314773,"RT @WayneDupreeShow: LOOK üëÄ It‚Äôs remarkable, every thing Biden‚Äôs done has backfired
 https://t.co/5BU5PlwPFw"
99,2022-09-20 17:29:33+00:00,nicolepoptart1,RT @TheRebelWalk: The Ole Miss defense is excited to face Tulsa‚Äôs No.-1 ranked passing offense this Saturday in what will be the first real‚Ä¶
100,2022-09-20 17:29:33+00:00,KipOliver2,"RT @TamieUSCongress: GMAB! 
You voted NO on all of these!
HR 5376 - Inflation Reduction Act of 2022
HR 4346 - Supreme Court Security Fundin‚Ä¶"
101,2022-09-20 17:29:33+00:00,RileySeymore,"RT @BillKristol: ‚ÄúThis freedom‚Ä¶only survives if we recognize threats when they arise. And today, we are facing such a threat. It's a threat‚Ä¶"
102,2022-09-20 17:29:33+00:00,juliaweatherby1,RT @GdnPolitics: Kwasi Kwarteng urged to allow release of OBR forecasts with mini-budget https://t.co/EowGcH07KG
103,2022-09-20 17:29:33+00:00,RexannaKeats,"RT @Reuters: The announcement came after @Reuters visited dozens of supermarkets, retailers and gyms in Moscow and beyond and found cans an‚Ä¶"
104,2022-09-20 17:29:33+00:00,dogbuilt,"RT @CUNEathletics: NAIA NATIONAL Setter of the Week! Congrats to @cunevolleyball's Bree Burtwistle!

https://t.co/xNZRbSbMfG https://t.co/4‚Ä¶"
105,2022-09-20 17:29:33+00:00,LHills31,"Lottery Horoscope Almanac 2022: Lottery Horoscope Numbers For 2022 [RSVGLGU]

https://t.co/Hz8psU1fE4"
106,2022-09-20 17:29:33+00:00,FinnisBuoy,"Wave Height:0.9m, Wave Period:6s, Wave Dir:254 ¬∞(W), Water Temp:15.8 ¬∞C, Avg Wind:8kts, Gust:15kts at 20/09/2022 18:25:00"
107,2022-09-20 17:29:33+00:00,RuralGrubby,RT @FreedomWorks: ‚ö†Ô∏è Disclosing Donors: ‚ÄúAn invasion of privacy and an attempt to shame the political beliefs of individuals and corporatio‚Ä¶
108,2022-09-20 17:29:33+00:00,CultExposed,RT @CREWcrew: A county sheriff in Texas just opened a criminal investigation into flights that took 48 migrants from a shelter in San Anton‚Ä¶
109,2022-09-20 17:29:33+00:00,Xx__yahaira__xX,RT @AccessBadBunny: Bad Bunny &amp; Bomba Est√©reo‚Äôs ‚ÄúOjitos Lindos‚Äù has been nominated for ‚ÄúRecord Of The Year‚Äù at the 2022 Latin Grammy. #Lati‚Ä¶
110,2022-09-20 17:29:33+00:00,AdriaLexi18,RT @sonic_hedgehog: He'll shatter your world. Sonic Prime is coming to Netflix Winter 2022! https://t.co/ux5QLETJh4
111,2022-09-20 17:29:33+00:00,deboratinita23,RT @BeckyGOnStats: Becky G (@iambeckyg) is the THIRD Female Artist with the most nominations at #LatinGRAMMY 2022 (4) https://t.co/3KGV9VGd‚Ä¶
112,2022-09-20 17:29:33+00:00,debbie156,"RT @BucksCoBeacon: Diverse Books Promote Self-Worth, Unity, and Empathy | @PFLAG #BucksCounty takes on #BannedBooksWeek  in relation to @CB‚Ä¶"
113,2022-09-20 17:29:33+00:00,nabrooks,RT @USATODAY: 'A brazen scheme of staggering proportions': 47 people charged with siphoning $250M from COVID-19 relief program that fed chi‚Ä¶
114,2022-09-20 17:29:33+00:00,NYPDSchools,"Don‚Äôt forget to join us Saturday, October 1st 2022. All are welcome let‚Äôs walk for a good cause. üéâüëè https://t.co/R8FfhUUl48"
115,2022-09-20 17:29:33+00:00,tlc6767,"RT @1goodtern: We've now had more admissions for Covid in the UK in the first nine months of 2022 than we had in the whole of 2021 or 2020,‚Ä¶"
116,2022-09-20 17:29:33+00:00,anujrocks44,"RT @thecricbaba: Most times Conceding 40 or more runs in a Calendar Year for India in T20I

5 times - Harshal Patel in 2022*
4 times - Aves‚Ä¶"
117,2022-09-20 17:29:33+00:00,chokochibkuki22,"RT @BAEKHO_PLEDIS: Î∞±Ìò∏ (BAEKHO) 1st Mini Album [Absolute Zero]

Release on 2022.10.12 6PM(KST)

#Î∞±Ìò∏ #BAEKHO
#Absolute_Zero https://t.co/UxQA‚Ä¶"
118,2022-09-20 17:29:33+00:00,heeguks__,"RT @pledis_17jp: 2022.11.09 RELEASE
#SEVENTEEN JAPAN 1ST EP„ÄåDREAM„ÄçHIPHOP TEAM Artist Photo

#VERNON 

#DREAM #SVT_DREAM https://t.co/7zJVa7‚Ä¶"
119,2022-09-20 17:29:33+00:00,RPacilio,"RT @BillKristol: ‚ÄúThis freedom‚Ä¶only survives if we recognize threats when they arise. And today, we are facing such a threat. It's a threat‚Ä¶"
120,2022-09-20 17:29:33+00:00,foylebuoy,"Water Temp:15.2 ¬∞C, Wave Height:0.2m, Wave Period:3s, Gust:6kts, Avg Wind:3kts, Wind Dir:180 ¬∞(S) at 20/09/2022 18:26:00"
121,2022-09-20 17:29:32+00:00,mahimohiu,RT @Quicktake: Protests erupted in Iran over the death of #MahsaAmini after she was detained by the country‚Äôs so-called ‚Äúmorality police‚Äù f‚Ä¶
122,2022-09-20 17:29:32+00:00,nuttyshe11,"RT @WatookaFilms: Watooka Films invites you to join us on Thursday September 29, 2022 for ""Cin√©Sips: An Evening of Cocktail and Cinema"". Fe‚Ä¶"
123,2022-09-20 17:29:32+00:00,CERAP_Paris,"RT @NTenzer: By @PierreHaroche
""For üá´üá∑, a strong gesture could be to deliver about 50 Leclerc tanks, while taking charge of the training of‚Ä¶"
124,2022-09-20 17:29:32+00:00,MN_Chamber,"TODAY is #NationalVoterRegistrationDay! Visit the Chamber's 2022 Elections Toolkit to learn about registering, checking your registration status and view who will be on your ballot in November. #mnleg https://t.co/N0nZNbU1ZC https://t.co/UDUK5DOqoL"
125,2022-09-20 17:29:32+00:00,ochiengwally,"RT @CAROLINEKIBIWO4: I have presented my nomination papers to the clerk,County Assembly of Nandi as a candidate for the position of Speaker‚Ä¶"
126,2022-09-20 17:29:32+00:00,southhunterbuoy,"Water Temp:15.2 ¬∞C, Wave Height:0.3m, Wave Period:7s, Wave Dir:32 ¬∞(NE) at 20/09/2022 18:24:00"
127,2022-09-20 17:29:32+00:00,seasidebound01,RT @Forbes: Slovenia Is Giving Ukraine Some Very Old Tanks. But Age Can Be Deceiving. https://t.co/aoRQ99xSf6
128,2022-09-20 17:29:32+00:00,seulrity,"RT @OfficialPnation: [Crush]
Crush 'Rush Hour (Feat. j-hope of BTS)'

üîóhttps://t.co/QDNpWOBOOh

2022.09.22 (THU) 6PM KST

#Crush #ÌÅ¨Îü¨Ïâ¨
#Rush‚Ä¶"
129,2022-09-20 17:29:32+00:00,Edged_In_Blue,RT @patmcfaddenmp: Labour go on the attack over Truss‚Äôs energy plans.  12 long years of low growth.  A refusal to raise funds fairly.  And‚Ä¶
130,2022-09-20 17:29:32+00:00,Jslpb99,"RT @billboardcharts: The #HotTrendingSongs, powered by @Twitter, top 10 (chart dated Sept. 24, 2022)"
131,2022-09-20 17:29:32+00:00,ssengabigeoffr2,"‚ö°Ô∏èLukashenko said that they also want to create a ""new Ukraine"" on the territory of #Belarus #Donestk #Ukraine #Lugansk https://t.co/nmpulsNWLn
#UkraineRussiaWar #Ukrainian #Russia #RussiaUkraineWar #Russians #RussianWarCrimes #Iran #USA #ukrainecounteroffensive #Putin #Iran"
132,2022-09-20 17:29:32+00:00,DeepLearn007,"RT @DeepLearn007: Thank You To @MagazineAwards For Placing Me In The Global Tech Thought Leaders
https://t.co/buEoFP0vbA

@pierrepinna @sal‚Ä¶"
133,2022-09-20 17:29:32+00:00,RaymondKIMATHI,"RT @panos_panay: On behalf of the team, I‚Äôm proud to share the latest update to @Windows 11 begins rolling out today. Pumped for you to che‚Ä¶"
134,2022-09-20 17:29:32+00:00,rosaliasooya,"RT @PopCrave: Bad Bunny leads the 2022 Latin Grammy nominations with 10 nods, including ‚ÄòAlbum of the Year.‚Äô https://t.co/S4OirwEOFK"
135,2022-09-20 17:29:32+00:00,JungkooksLanie,"RT @OfficialPnation: [Crush]
Crush 'Rush Hour (Feat. and Starring j-hope of BTS)' MV Teaser 2

üîó https://t.co/QDNpWOBOOh

2022.09.22 (THU)‚Ä¶"
136,2022-09-20 17:29:32+00:00,pjbutlin50,"RT @BrianGitt: Lithium prices surge 3X in the past year inflating the cost of batteries used for electric vehicles (EV).

Batteries account‚Ä¶"
137,2022-09-20 17:29:32+00:00,Tigraywukro11,"RT @martinplaut: ""We have been tracking Eritrean troops' movement across the border ... and we condemn it,"" Mike Hammer told reporters in a‚Ä¶"
138,2022-09-20 17:29:32+00:00,punk2009ct,RT @DEFCONWSALERTS: Xi Jinping and China‚Äôs endgame for America - https://t.co/s1Y0pVu8dU https://t.co/zPfNujpjb5
139,2022-09-20 17:29:32+00:00,jfsullivan4th,The Pharmacist‚Äôs Lament üò¨(2022) https://t.co/oQQCCb741y
140,2022-09-20 17:29:32+00:00,SeanCockwell,They Live In The Grey (2022) Review by Phil Newton https://t.co/MVYGPFEeDi
141,2022-09-20 17:29:32+00:00,FarahParvez1,RT @Calico1326: @ParkJiminUSA95 @BTS_twt I love the hot trending song of 2022 #WithYou by #JIMIN #BTSJIMIN of #BTS‚ÄØ‚ÄØ‚ÄØ(@BTS_twt) and Sungwoo‚Ä¶
142,2022-09-20 17:29:32+00:00,BFireNFL,"@nflnetwork @BuffaloBills @gmfb @stefondiggs #1 Seed in AFC in 2021 and the Defending Champs. Buffalo is out for blood in 2022.

13 seconds may have created a dynasty in Buffalo."
143,2022-09-20 17:29:32+00:00,RockheadsC,"RT @TSNCurling: Here's the @TSNCurling schedule for this week'sü•åaction in Fredericton...it all starts Wednesday at 1pm ET on TSN1, https://‚Ä¶"
144,2022-09-20 17:29:32+00:00,danicafan16710,"RT @Big12Conference: üèê #Big12VB Offensive Player of the Week üèê

Megan Wilson, @OU_Volleyball
   
üì∞ https://t.co/L1BXxZ6Kxh https://t.co/dGk‚Ä¶"
145,2022-09-20 17:29:32+00:00,SplaughBuoy,"Avg Wind:5kts, Gust:9kts, Wind Dir:215 ¬∞(SW), Gust Dir:218 ¬∞(SW), Wave Height:0.2m, Wave Dir:148 ¬∞(SE) at 20/09/2022 18:24:00"
146,2022-09-20 17:29:32+00:00,JIFF01,"RT @Androidheadline: Spotify Kicks Off Its Audiobook Business, Takes On Audible https://t.co/6Ji6lMFRH5"
147,2022-09-20 17:29:32+00:00,DizonJmvillar,"I can't wait to see what happens next! Click the link below and join my struggle!
 
#BoycottBramhastra #MANHWA #VirtualReality¬†

https://t.co/lRdT0oio25¬†&amp;time=2022-09-21_01:29:19 https://t.co/KWgYbr9RML"
148,2022-09-20 17:29:32+00:00,it_sceptic,RT @Apex_WW: Macron calls Ukraine referendums 'cynical' and 'a parody' https://t.co/odDzghlzbN
149,2022-09-20 17:29:32+00:00,lsrfromis,"RT @ygent_official: #TREASURE ‚ÄòTHE SECOND STEP : CHAPTER TWO‚Äô CONCEPT POSTER &lt;ASAHI&gt;

2nd MINI ALBUM ‚ÄòTHE SECOND STEP : CHAPTER TWO‚Äô
‚úÖ2022.‚Ä¶"
150,2022-09-20 17:29:32+00:00,beifng,RT @hyckflmz: MARK LEE ‚ÄòBABY DONT LIKE IT‚Äô 2022 VER https://t.co/tRIUJQLZXN
151,2022-09-20 17:29:31+00:00,WEMUSTOKE,"RT @ianbremmer: # of books titles banned in the united states during the 2021-2022 school year: 1,648 (affecting 4 million students)
-pen a‚Ä¶"
152,2022-09-20 17:29:31+00:00,xo__vanilla,RT @mlothianmclean: In the @guardian this AM writing on being relieved to discover I am not a 'soft royalist' and the surreal nature of wat‚Ä¶
153,2022-09-20 17:29:31+00:00,cioninja,Crypto firm Wintermute hit by $160 million theft #cioninja #hacking #cyber #crypto https://t.co/AFcMJTeEPm
154,2022-09-20 17:29:31+00:00,aryeh_newman,RT @SimonDixonTwitt: GK8 @GK8_Security reports operating losses of $1.5m for 2021 &amp; $2.6m for H1 2022 &amp; balance sheet shows assets of $3.5m‚Ä¶
155,2022-09-20 17:29:31+00:00,ConingbegBuoy,"Avg Wind:6kts, Gust:8kts, Wind Dir:233 ¬∞(SW), Gust Dir:237 ¬∞(SW), Wave Height:0.3m, Water Temp:15.9 ¬∞C at 20/09/2022 18:26:00"
156,2022-09-20 17:29:31+00:00,Sydney_Trask,RT @koen_vervaeke: Spatial signals modulate neocortical processing. But where do these come from? Hippocampus? We checked the origin of pla‚Ä¶
157,2022-09-20 17:29:31+00:00,Bnmpc_qc,"Congratulations to the Bangladesh Football Team for winning the 2022 Championship üèÜ! 25 goals  in 5 matches - a great job indeed! üáßüá©

#qc #bnmpcqc #bangladeshwomenfootballteam https://t.co/KCqP1iMGpa"
158,2022-09-20 17:29:31+00:00,BrooklynSchools,"The 2022 Ohio State Report Card results were recently released and the BCSD would like to congratulate the entire school community for the positive results!üëè Learn more by reading the latest Hurricane Watch from @HurricanesSuper at the link below. üëá
https://t.co/5wMt6WPrDF https://t.co/qpcACx7pgd"
159,2022-09-20 17:29:31+00:00,GunnersTown,"Posted earlier -Arsenal getting under the pundits skin ‚Äì You don‚Äôt like us, we don‚Äôt care!! https://t.co/4DCYgyiF4m by @wellmington on https://t.co/5h0ddgep8A. Enj‚Ä¢y | Share? #Arsenal https://t.co/sYEk3XhYXJ"
160,2022-09-20 17:29:31+00:00,readyforthiss,"RT @btsgoldenvoters: Looks like they re-activated their stock accounts for mass vote.

D-14 TMA FNS CHOICE ARTIST

21.09.2022 - 2AM KST

#1‚Ä¶"
161,2022-09-20 17:29:31+00:00,SeasonalTiger35,"RT @DLPReport: üéÉ Halloween 2022 burgers and dessert specialties: 
- ‚ÄúBoo! Burger‚Äù with sweet chili peppers Doritos (Annette‚Äôs Diner)
- Evil‚Ä¶"
162,2022-09-20 17:29:31+00:00,Masky_Jay_Hoody,"RT @TristanSnell: Yes, this is a Nazi salute, at a Doug Mastriano campaign event in Pennsylvania. In 2022. 

Democracy is literally on the‚Ä¶"
163,2022-09-20 17:29:31+00:00,LizMaryMathew1,"The plot of ""Best Actors Apartment"" is like a roller coaster of emotion. It's riveting and full of surprises!
 
#furry #WorkinProgress #anitwt

https://t.co/BYo6bwlIbT https://t.co/WYZGAbnLSm"
164,2022-09-20 17:29:31+00:00,pherygetmore,"RT @SaharaReporters: Why Buhari Government Must Not Allow IPOB Leader, Nnamdi Kanu To Die In Detention ‚ÄìOhanaeze | Sahara Reporters https:/‚Ä¶"
165,2022-09-20 17:29:31+00:00,63e661dba85e453,"RT @ygent_official: #TREASURE ‚ÄòTHE SECOND STEP : CHAPTER TWO‚Äô CONCEPT POSTER &lt;ASAHI&gt;

2nd MINI ALBUM ‚ÄòTHE SECOND STEP : CHAPTER TWO‚Äô
‚úÖ2022.‚Ä¶"
166,2022-09-20 17:29:31+00:00,perchance99,"RT @EliseStefanik: I am pleased that the @DeptofDefense will conduct a review of the racist, divisive posts that the DoDea‚Äôs Chief made aft‚Ä¶"
167,2022-09-20 17:29:31+00:00,FastnetLHouse,"Avg Wind:9kts, Gust:10kts, Wind Dir:257 ¬∞(W), Gust Dir:256 ¬∞(W) at 20/09/2022 18:26:00"
168,2022-09-20 17:29:31+00:00,tamarabrock,"Migrants in San Antonio lured onto Massachusetts flights with false promises of housing and jobs #DeSantisKidnappingByInveiglement

https://t.co/4IdAgrAaFI via @TexasTribune"
169,2022-09-20 17:29:31+00:00,clumsyxmee,"RT @ygent_official: #TREASURE ‚ÄòTHE SECOND STEP : CHAPTER TWO‚Äô CONCEPT POSTER &lt;JUNKYU&gt;

2nd MINI ALBUM ‚ÄòTHE SECOND STEP : CHAPTER TWO‚Äô
‚úÖ2022‚Ä¶"
170,2022-09-20 17:29:31+00:00,Mandarino__,"RT @OverwatchNaeri: Overwatch 2 More New Heroes &amp; Ninjas ü¶ä‚õ©Ô∏è

Overwatch 2's new hero Kiriko's story reveals that there are more ninjas out‚Ä¶"
171,2022-09-20 17:29:31+00:00,ceasterlingABJ,"WILL BE UPDATED: #Browns  quick hits: Joel Bitonio, Myles Garrett out of practice, uncertain vs. #Steelers https://t.co/QJP6GKngLY via @beaconjournal"
172,2022-09-20 17:29:31+00:00,Abrahal32634673,RT @KassaHMariam: Eritrea launches offensive over Tigray border by deploying its entire army as well as reservists &amp; fighting alongside Eth‚Ä¶
173,2022-09-20 17:29:31+00:00,10gwenbi,RT @CFCDaily: Pulisic on Tuchel not starting him vs R. Madrid 2nd Leg 20/21: ‚ÄúI honestly was dumbfounded and very disappointed. I thought t‚Ä¶
174,2022-09-20 17:29:31+00:00,ShannonBrooke01,@RepSteel @AmericanTelemed ‚ÄúAlways a scam somewhere: DOJ‚Äôs most recent charges reflect a continued pursuit of claims against providers perceived to have abused CMS‚Äôs waivers of certain telehealth coverage‚Äù https://t.co/diQFtutM44
175,2022-09-20 17:29:31+00:00,msttrader,"1. $SPY 375 - 379 fills Jul 15 gap,
2. .382 of 2020-2022. 
3. .786 of June bounce

200-week EMA 2011 - 2022. https://t.co/ggrpc4BfcB"
176,2022-09-20 17:29:31+00:00,ViewFTTouchline,Quite a few people asking about scouting on FM atm. Why not check this out #FM22 #FM23 #Footballmanager https://t.co/0FqKn3XgMk
177,2022-09-20 17:29:31+00:00,DublinBayBuoy,"Water Temp:15.9 ¬∞C, Wave Height:0.5m, Wind Dir:170 ¬∞(S), Gust Dir:169 ¬∞(S), Avg Wind:8kts, Gust:10kts at 20/09/2022 18:26:00"
178,2022-09-20 17:29:31+00:00,PimenJongkey,"This comic is definitely worth reading! Come check it out!
 
#Cyberpunk #howtodraw #Soul

https://t.co/81EylRWT7u https://t.co/oJuwJoKrm0"
179,2022-09-20 17:29:31+00:00,CNETNews,Adnan Syed Out of Prison: What's Next for the Serial Podcast Subject https://t.co/V4IZagc2wq
180,2022-09-20 17:29:31+00:00,terrysunderlan1,RT @PrisonPlanet: Joe Biden and his wife embarrassed America on the world stage yet again Monday when they turned up late for Queen Elizabe‚Ä¶
181,2022-09-20 17:29:31+00:00,monicaMedHist,"RT @n_hold: ""The rejection of masking during an ongoing pandemic by institutions of higher education and their leaders is clear evidence of‚Ä¶"
182,2022-09-20 17:29:31+00:00,strix021,"""The Boy in a Girls' Academy"" is an absolutely perfect comic! It's living rent free in my head!
 
#sing2 #SciFi #ilustration

https://t.co/rpNC1kb3H9 https://t.co/S3v7kX3Ht2"
183,2022-09-20 17:29:30+00:00,nbvc02964333,"RT @nprpolitics: For the first time in more than 230 years, a Native American, a Native Alaskan and a Native Hawaiian are all members of th‚Ä¶"
184,2022-09-20 17:29:30+00:00,DDambrosio10,RT @RashidBrown_: Here‚Äôs what‚Äôs on the docket for Day 1 of Dreamforce 2022. Be sure to live stream on ‚Å¶@salesforce‚Å© + for the latest update‚Ä¶
185,2022-09-20 17:29:30+00:00,therajkumark,@KentROSystems i have purchased a Kent KAGO1 Induction cooktop in the month of July 2022 now it's not working. When I called the customer care they are telling me to bring the product to 60km from my place and it will take 45 days to repair. Need immediate attention in this.
186,2022-09-20 17:29:30+00:00,Forbes,One factor we now consider disqualifying is a very high susceptibility to climate change and natural hazards as measured by the Federal Emergency Management Agency‚Äôs new National Risk Index. https://t.co/ybomZOi39P https://t.co/B9yo2w6kL9
187,2022-09-20 17:29:30+00:00,Medico_ST,"September 20, 2022 at 10:59PM #letfmgeserve"
188,2022-09-20 17:29:30+00:00,klkolz,"RT @AmandaMarcotte: Right on time for the midterms, Tucker Carlson and Donald Trump are ratcheting up the QAnon appeals and calls for viole‚Ä¶"
189,2022-09-20 17:29:30+00:00,nnanapannita,"RT @chimigraphic: 'Rush Hour' CRUSH (Feat. j-hope of BTS)
2022.09.22 (THU) 6PM KST ‚ù§Ô∏è‚Äçüî• https://t.co/2VkpNpa5aq"
190,2022-09-20 17:29:30+00:00,Halcyon303,RT @Halcyon303: Another reason the Fed should do a 100 bps hike tomorrow. Canada already did their 100 bps hike back in July and now their‚Ä¶
191,2022-09-20 17:29:30+00:00,titijojo,RT @intelligencer: Joe Biden keeps checking items off the list of things Donald Trump said he would do as president: pull out of Afghanista‚Ä¶
192,2022-09-20 17:29:30+00:00,momstanjm,"RT @voteforpjm: üó≥NETIZENS REPORT (3 months left)
 Most Talented K-pop Idols 

üîóhttps://t.co/JhUyCPuvQp

Current : 1
Gap: 500

Keep voting T‚Ä¶"
193,2022-09-20 17:29:30+00:00,nomoremister,The Complete Republican Plan for America: (1) Elect More Republicans; (2) Own More Libs (new post) https://t.co/KPjNlXzwyc
194,2022-09-20 17:29:30+00:00,duduchuchuBE,"RT @statsforjjk: Longest charting K-pop acts on the Billboard Hot 100 in 2022.

1. Jungkook ‚Äî 13 weeks (2 songs)
2. BTS ‚Äî 8 weeks (3 songs)‚Ä¶"
195,2022-09-20 17:29:30+00:00,tEDmagazine,tED DAILY NEWS: NAM Releases 3Q Outlook Survey;¬†United Electric Supply Appoints New VP - https://t.co/O0YysEWHSL https://t.co/tJ66xBtOMd
196,2022-09-20 17:29:30+00:00,cristobaltejias,RT @jg_valdes: Chile President Gabriel Boric Speech Gets Applause at UN General Assembly - Bloomberg https://t.co/KTGPyHgxwL
197,2022-09-20 17:29:30+00:00,CraigBorrow,"RT @dominos: FREE DOMINO'S GIVEAWAY FOR #NationalPepperoniPizzaDay!‚Äã

RT for your chance to #WinDominosPizza for a YEAR!‚Äã

Rules: https://t‚Ä¶"
198,2022-09-20 17:29:30+00:00,SaricaYadav,"RT @AshutoshSureka: Good Evening Warriors ‚ù§üß°

Evening Tagline :
Sushant A Real Life Hero 

8pm IST Onwards 
20th September 2022 https://t.c‚Ä¶"
199,2022-09-20 17:29:30+00:00,Scott_Spratt,"Week 2 skill player leaders in Expected TDs (OTDs):

Player ExpTDs
A. Gibson 2.0
G. Wilson 1.6
C. Kupp 1.5
S. Diggs 1.3
J. Waddle 1.2
Jav. Williams 1.2
C. Sutton 1.2
A. Robinson 1.2

#Jets rookie Garrett Wilson has 7 targets inside the 10-yard line in 2022, the most among all WRs"
200,2022-09-20 17:29:30+00:00,storm_puppy,"RT @nuupon: üå∏ü§ç8k follower art raffle ü§çüå∏
retweet + follow to enter
‚úß 1st place ‚úß outfit design
‚úß 2nd place ‚úß fullbody
‚úß 3rd place ‚úß bust

th‚Ä¶"
201,2022-09-20 17:29:30+00:00,retiremanny,"RT @DashDobrofsky: Accuse others of which you are guilty of. 
https://t.co/NdBofQhY1W"
202,2022-09-20 17:29:30+00:00,ckthima,"RT @ygent_official: #TREASURE ‚ÄòTHE SECOND STEP : CHAPTER TWO‚Äô CONCEPT POSTER &lt;YOON JAE HYUK&gt;

2nd MINI ALBUM ‚ÄòTHE SECOND STEP : CHAPTER TWO‚Ä¶"
203,2022-09-20 17:29:30+00:00,LindafromTejas,"Wow, what a bunch of greedy people! üò°üò°üò°üç∞ https://t.co/gD5Qsizp1f"
204,2022-09-20 17:29:30+00:00,Zsil3,"RT @CBULancers: ‚öîÔ∏èüèÄ

@CBUwbb guard Trinity San Antonio is set to make her international debut with Team Puerto Rico (@fbpur ) tomorrow even‚Ä¶"
205,2022-09-20 17:29:30+00:00,Qx1cR,"RT @JYPEITZY_JP: ITZY JAPAN 2nd SINGLE
„ÄéBlah Blah Blah„Äè
2022.10.05 Release

„ÄåBlah Blah Blah„ÄçMusic Video

https://t.co/RKUqDHS9FX

#ITZY  #B‚Ä¶"
206,2022-09-20 17:29:30+00:00,sallyvent,"RT @newsmax: Former President Donald Trump told Newsmax on Tuesday that if he were still in the Oval Office, he'd try to get Russia Preside‚Ä¶"
207,2022-09-20 17:29:30+00:00,ranTR012,"RT @ygent_official: #TREASURE ‚ÄòTHE SECOND STEP : CHAPTER TWO‚Äô CONCEPT POSTER &lt;ASAHI&gt;

2nd MINI ALBUM ‚ÄòTHE SECOND STEP : CHAPTER TWO‚Äô
‚úÖ2022.‚Ä¶"
208,2022-09-20 17:29:30+00:00,ftportfolios,"First Trust Market Observations Blog
September 20, 2022
How Defensive Sectors Have Fared During Periods Of Elevated Inflation

https://t.co/2dg6cZlIi8

#FirstTrust #Inflation #Economy #StockMarket https://t.co/MPn4zz94hU"
209,2022-09-20 17:29:30+00:00,jihopekook_3J,"RT @OfficialPnation: [Crush]
Crush 'Rush Hour (Feat. j-hope of BTS)'

üîóhttps://t.co/QDNpWOBOOh

2022.09.22 (THU) 6PM KST

#Crush #ÌÅ¨Îü¨Ïâ¨
#Rush‚Ä¶"
210,2022-09-20 17:29:30+00:00,cecntom,"Another day! It's September 21, 2022 at 01:29AM #RewardsPoints #MembersGetIt"
211,2022-09-20 17:29:30+00:00,XBeauPhoto,"Kapani Market - described as the beating heart of Thessaloniki, Greece's 2nd city, Sept 2022  #streetphotography #streetphoto #xt30 #greece #Thessaloniki  #fujifilm #fujifilm_xseries https://t.co/VO79FKH4mv"
212,2022-09-20 17:29:30+00:00,philcenru,"RT @letterboxd: The Top 100 Films with Most Fans per viewer on Letterboxd‚Äî2022 ‚ú®

A version of the Most Fans list but ranked by the number‚Ä¶"
213,2022-09-20 17:29:30+00:00,angrianan,RT @govisitdonegal: The countdown is on to #CultureNight 2022 - One Night For All. There is a lot happening in #Donegal so mark Friday Sept‚Ä¶
214,2022-09-20 17:29:30+00:00,StephenHedges7,"RT @WelshSportAssoc: üîüdays until National Sporting Heritage Day 2022 by @sportinghistory !

Join the WSA in celebrating this year's focus -‚Ä¶"
215,2022-09-20 17:29:30+00:00,simianenigma,RT @ChemistryNews: New chemistry happens when dust meets pollution https://t.co/E8fgrv44iC
216,2022-09-20 17:29:30+00:00,Jk__topia,"RT @OfficialPnation: [Crush]
Crush 'Rush Hour (Feat. j-hope of BTS)'

üîóhttps://t.co/QDNpWOBOOh

2022.09.22 (THU) 6PM KST

#Crush #ÌÅ¨Îü¨Ïâ¨
#Rush‚Ä¶"
217,2022-09-20 17:29:30+00:00,CapriKidd,RT @WCGBearsDenDude: I cannot... CAN NOT... recommend this article by Greg Gabriel enough... please do yourself a favor and give it a read.‚Ä¶
218,2022-09-20 17:29:30+00:00,mickonthesick,"RT @jhnmcgnly: Celtic have posted a healthy set of financial results for y/e 30 June 2022, increasing revenue from 2021 by 45% to ¬£88.2m an‚Ä¶"
219,2022-09-20 17:29:29+00:00,namixxv,"This comic is definitely worth reading! Come check it out!

#ùëºùë∫ùë¨ùë≥ùë¨ùë∫ùë∫ùêåùêÑùêçùêàùêÄùêã #CommissionedArt #fanarts
 https://t.co/g5fd8yXjMg https://t.co/ExvIXBzPyA"
220,2022-09-20 17:29:29+00:00,DireM71822525,"RT @ReutersAfrica: Deadly diseases such as measles, tetanus and whooping cough are on the rise in Ethiopia's Tigray region after vaccinatio‚Ä¶"
221,2022-09-20 17:29:29+00:00,beignnn,"RT @OfficialPnation: [Crush]
Crush 'Rush Hour (Feat. and Starring j-hope of BTS)' MV Teaser 2

üîó https://t.co/QDNpWOBOOh

2022.09.22 (THU)‚Ä¶"
222,2022-09-20 17:29:29+00:00,DominguezHills,"RT @calstate: Each year, the CSU Trustees' Award for Outstanding Achievement is given to students who demonstrate superior academic perform‚Ä¶"
223,2022-09-20 17:29:29+00:00,YamSoto02,RT @tbzfullsun: yohan wearing the my melody headband i brought for him üò≠ü´∂üíñ #ÍπÄÏöîÌïú #ÏúÑÏïÑÏù¥ #2022_WEi_WORLD_TOUR https://t.co/Cvwf5DJ2Cg
224,2022-09-20 17:29:29+00:00,MENCardinal,"RT @MFA_China: Instead of peddling itself as a defender of rules &amp; order and smearing others, the US needs to reflect on its warlike behavi‚Ä¶"
225,2022-09-20 17:29:29+00:00,hnnsmmrxx,"RT @ygent_official: #TREASURE ‚ÄòTHE SECOND STEP : CHAPTER TWO‚Äô CONCEPT POSTER &lt;YOON JAE HYUK&gt;

2nd MINI ALBUM ‚ÄòTHE SECOND STEP : CHAPTER TWO‚Ä¶"
226,2022-09-20 17:29:29+00:00,vaneliv0,"RT @chimigraphic: 'Rush Hour' CRUSH (Feat. j-hope of BTS)
2022.09.22 (THU) 6PM KST ‚ù§Ô∏è‚Äçüî• https://t.co/2VkpNpa5aq"
227,2022-09-20 17:29:29+00:00,GoldnemovesGold,Democrats whining over Martha‚Äôs Vineyard but ignoring the massive humanitarian crisis they have created! Where is the outrage by Democrats over migrants dying crossing the border! https://t.co/qILdAymzii
228,2022-09-20 17:29:29+00:00,path1finder,"$STSA  / Big binary in Q4. I think chances are relatively good - previous P3 miss was narrow, delivery device improvements compared to last P3  https://t.co/0IORNEdLJt"
229,2022-09-20 17:29:29+00:00,TracieC28657841,"RT @eSCORecycling: We are excited to attend the e-Scrap Conference 2022 in the captivating city of New Orleans.
#EScrap2022 #recycling #New‚Ä¶"
230,2022-09-20 17:29:29+00:00,JkLatestUpdates,"[University of Kashmir]
.
.
&gt;&gt; Selection Notification No.: 22 of 2022 For MBA Programme (Self finance quota) Session-2022. #JkLatestUpdates
.
.
&gt; [SHARE IT] + https://t.co/ImIPk3G09Q"
231,2022-09-20 17:29:29+00:00,MikkiChandler,"RT @splcenter: Residents of Jackson are living without clean water because of systemic racism. In Jackson, 80% of residents are Black, but‚Ä¶"
232,2022-09-20 17:29:29+00:00,yoonkittyminn,"RT @btsgoldenvoters: Looks like they re-activated their stock accounts for mass vote.

D-14 TMA FNS CHOICE ARTIST

21.09.2022 - 2AM KST

#1‚Ä¶"
233,2022-09-20 17:29:29+00:00,jmarine,Queen Elizabeth II's coffin lowered into Royal Vault https://t.co/7MxH1QgV3P @FRANCE24 2022/09/19 18:45
234,2022-09-20 17:29:29+00:00,3drenderbot,"RT @Stephane5311: This manhwa is awesome! I can't get enough of it!
 
#ilustration #indie_ #3Danimation

https://t.co/YitHr23q8I https://t.‚Ä¶"
235,2022-09-20 17:29:29+00:00,nypdesign,RT @debbiemillman: In four days the Class of 2022 Master's in Branding students present their thesis presentations ‚Äî¬†The Year 2032 Problem‚Ä¶
236,2022-09-20 17:29:29+00:00,thelondonboys47,"RT @swilkinsonbc: Israeli troops break into several homes belonging to Palestinians in al-Khalil, terrorising families at gunpoint and deci‚Ä¶"
237,2022-09-20 17:29:29+00:00,Ineselsh,"RT @OfficialPnation: [Crush]
Crush 'Rush Hour (Feat. and Starring j-hope of BTS)' MV Teaser 2

üîó https://t.co/QDNpWOBOOh

2022.09.22 (THU)‚Ä¶"
238,2022-09-20 17:29:29+00:00,Yordano43413372,"RT @academic_la: Important news items on the global agenda for September 19, 2022: 
1) Tigray genocide
2) Ukraine invasion 
3) Armenia inva‚Ä¶"
239,2022-09-20 17:29:29+00:00,fr_hossain,"RT @fr_hossain: FTC Joins Push for Rules on Trade of Smartphone Location Data

https://t.co/K1Vs8xbye6
#privacy #healthdata #patientsafety"
240,2022-09-20 17:29:29+00:00,PalashD66393859,"Forex Free Signal September 2022 
See more details....
https://t.co/jBYjbtCKTA"
241,2022-09-20 17:29:29+00:00,HELLO_Pak,". @ICC has announced a host of changes to its playing conditions ahead of the ICC Men's T20 World Cup 2022, most significant of which is a permanent ban on the use of saliva to polish the ball. https://t.co/901jY6g7ec"
242,2022-09-20 17:29:29+00:00,felixcuddlebugs,"RT @billboardskz: #StrayKids songs released in 2022 with most #1 on iTunes

#1, MANIAC ‚Äì 41
#2, Just Breathe* ‚Äì 23
#3, Mixtape : Time Out ‚Äì‚Ä¶"
243,2022-09-20 17:29:29+00:00,buritsch,"RT @NASAGoddard: Love space telescopes? Local to DC? üî≠ Check out a free lecture at the Library of Congress, ‚ÄúBig Telescopes and Big Discove‚Ä¶"
244,2022-09-20 17:29:29+00:00,ChileAlertaApp,"New #Earthquake. üåé
4.5 (M) - Islas Kermadec .
2022/09/20 17:10:54 UTC.
App: https://t.co/RblVNy0wcG
#earthquake #sismo #temblor #terremoto https://t.co/HO2RlPaurm"
245,2022-09-20 17:29:29+00:00,anticiit,RT @Myth_: Drama circa colorized 2022 https://t.co/NDZlawidQJ
246,2022-09-20 17:29:29+00:00,hatteatime,"RT @bluepencil_edit: We can't wait to start reading your entries! #BPAPitchPrize

Judge: @hatteatime 
Deadline: Nov 6
Prize: Agent 1-on-1‚Ä¶"
247,2022-09-20 17:29:29+00:00,EmeGeek,RT @sonic_hedgehog: He'll shatter your world. Sonic Prime is coming to Netflix Winter 2022! https://t.co/ux5QLETJh4
248,2022-09-20 17:29:29+00:00,lsrfromis,"RT @ygent_official: #TREASURE ‚ÄòTHE SECOND STEP : CHAPTER TWO‚Äô CONCEPT POSTER &lt;YOON JAE HYUK&gt;

2nd MINI ALBUM ‚ÄòTHE SECOND STEP : CHAPTER TWO‚Ä¶"
249,2022-09-20 17:29:29+00:00,Mafer_tp21,"RT @chimigraphic: 'Rush Hour' CRUSH (Feat. j-hope of BTS)
2022.09.22 (THU) 6PM KST ‚ù§Ô∏è‚Äçüî• https://t.co/2VkpNpa5aq"
250,2022-09-20 17:29:29+00:00,R0ter_Mond,"RT @XboxGamePass: a bountiful harvest is on the horizon

https://t.co/zNt36hMmsX https://t.co/HqXAcNZDov"
251,2022-09-20 17:29:29+00:00,Gary_ohh,"RT @luxury: In preparation for its Euro 2024 qualifying draw, UEFA confirms that Russia will not be allowed to compete in the tournament as‚Ä¶"
252,2022-09-20 17:29:29+00:00,Ahmed_cole1,"Kevin Owens vs Austin Theory - WWE ~ Raw 2022
‚≠ê‚≠ê‚≠ê‚≠ê https://t.co/q4ME9PWXMw"
253,2022-09-20 17:29:29+00:00,ZakiahWahab,"RT @themystartup: #MYStartupEcosystemSharing

Here are some great reasons to join the Can You Hack It 2022 Hackathon!

Do you have any bril‚Ä¶"
254,2022-09-20 17:29:29+00:00,torfaencouncil,"Two members of staff @LlanyPrimary  are celebrating their 30th anniversaries at the same school. 

School support officers Judith Joy and Gwyneth Baldwin have shared the same office since they first joined. 

Happy workiversaries! 

https://t.co/t2ST8GwfIX https://t.co/sfSfKNZYud"
255,2022-09-20 17:29:29+00:00,3drenderbot,"RT @daisuke_cici2: The manhua has been feeding us so well
 
#Adventure #3Danimation #NEET¬†

https://t.co/jMqxsFXDiY¬†&amp;time=2022-09-20_22:56:‚Ä¶"
256,2022-09-20 17:29:29+00:00,Here4DMoney,"RT @Ianbins: Huh ‚Å¶@bearableguy123‚Å© üò≥

Queen‚Äôs Committal Sees ‚ÄòBreaking Of The Wand‚Äô Televised For First Time ‚Äì Deadline https://t.co/A4AtpO‚Ä¶"
257,2022-09-20 17:29:29+00:00,Top15goals,"The Top 15 goal scorers in #Yemen, season 2014-15: https://t.co/UN3gcQKdwr https://t.co/c795WSTd9T"
258,2022-09-20 17:29:29+00:00,itsjustdc_2,RT @CatholicU_Cards: .@CatholicU_XCTF sophomore Kate Inglis was named @LandmarkConf Athlete of the Week after a strong effort at the South‚Ä¶
259,2022-09-20 17:29:29+00:00,yelibeat,"RT @mel_a_nie_rose: Please vote. If you're against voting, please do it ask me (or Army) why we care so much. It is blatantly obvious.

BTS‚Ä¶"
260,2022-09-20 17:29:28+00:00,Fruitybae_tae,"GAP INCREASED TO -36K WHERE ARE YOU ARMY? ü•∫üò≠

BTS WILL ATTEND TMA 2022

Guide: (https://t.co/biJuZEcmni)
Vote: (https://t.co/MEBzTfDPvG) https://t.co/kOnOjKg4Kj"
261,2022-09-20 17:29:28+00:00,butterflyruben,"RT @consequence: 08. Frank Ocean ‚Äì Channel Orange (2012)

At the center of Channel Orange is Frank Ocean‚Äôs incredibly poignant songwriting‚Ä¶"
262,2022-09-20 17:29:28+00:00,FakudeKubobonke,RT @ewnupdates: MPs call for sacking of entire Eskom board as SA's load shedding worsens https://t.co/KAPuEZjaxZ https://t.co/gbJWouL1tG
263,2022-09-20 17:29:28+00:00,rev_sherwood,"Evening Reading:
Tuesday 20th September 2022.
Memorial of Saints Andrew Kim Tae-g≈èn, Priest, and Paul Ch≈èng Ha-sang, and Companions, Martyrs.
Liturgical Colour: Red. 

1 Peter 4:13-14 NIV"
264,2022-09-20 17:29:28+00:00,cliftonhowze,"RT @ArijitDSen: THREAD: The biggest story of my life is finally out.¬†

Since 2019, I‚Äôve been investigating a monitoring tool called Social‚Ä¶"
265,2022-09-20 17:29:28+00:00,BBGEquality,Chicago may finally be on a path to adequately funding its four city employee pensions -- but getting there is likely to come at the expense of homeowners who already pay some of the highest property tax rates in the nation https://t.co/GC38YN8NoT via @citylab
266,2022-09-20 17:29:28+00:00,bluechipcard,2022 Topps Finest Flashbacks Wa #ad #tradingcards https://t.co/Ql2X5fRmlx
267,2022-09-20 17:29:28+00:00,TFnunee,"RT @pannchoa: NCT 127 impresses with live skills on Dingo's Killing Voice
https://t.co/ER3tGn8gha https://t.co/Dhk93tg0a8"
268,2022-09-20 17:29:28+00:00,cpp_friends,RT @CPFestivalUK: Huge ‚ù§Ô∏è &amp; üôè to all who made it 2022 Crystal Palace Festival happen - artists volunteers sponsors partners visitors local‚Ä¶
269,2022-09-20 17:29:28+00:00,ZonaGal,"RT @FOX10Phoenix: Tuesday, Sept. 20 is National Pepperoni Day 2022, and many pizza chains are celebrating by offering deals for customers.‚Ä¶"
270,2022-09-20 17:29:28+00:00,Encore_Rehab,"Katherine Knight is very pleased with her knee rehab at #EncoreRehab Dothan East! We are proud to recognize her as Patient of the Month for the Dothan East Clinic!
You can read more about Ms. Knight on our blog!
#ChooseEncore

https://t.co/9TkA3ZiIan https://t.co/mM9HwwjSXO"
271,2022-09-20 17:29:28+00:00,jungkook1938,"RT @mostsuccessfuI: jungkook vs bt6 in 2022, a thread! https://t.co/AUEZQaiCAp"
272,2022-09-20 17:29:28+00:00,Porcupine_Ink,RT @iblindone: Wow! Why do we allow these dangerous combustion vehicles on the road? I hope @NTSB will start an investigation! The governme‚Ä¶
273,2022-09-20 17:29:28+00:00,DebonairTarra1,"RT @ICHRI: #MahsaAmini is sadly not the only victim of repressive state policies #Iran.

From increasing executions, to sentencing LGBTQ ac‚Ä¶"
274,2022-09-20 17:29:28+00:00,3drenderbot,"RT @jichu4evalyka: Gonna do some comic reading
 
#Cartoons #FanArtFriday #3Danimation

https://t.co/FIBtFtSv3o https://t.co/qNJmI21SnD"
275,2022-09-20 17:29:28+00:00,RayRaycdoyle,"https://t.co/Z04jJkktDP  
https://t.co/zMzz1X2J1A
 John
5.0 out of 5 stars Interesting and suspenseful beginning to end
Reviewed in the United States on June 30, 2022
Verified Purchase
I greatly enjoyed this tale which incorporated modern history of Cyprus into a thriller com‚Ä¶ https://t.co/0gubt9d9oV"
276,2022-09-20 17:29:28+00:00,TrialByTruth,"RT @BylinesScotland: üìâHistorical values of Sterling against the Dollar
üóØJun 2015 - 1.59
üóØJun 2016 - 1.24
üóØ2020 - 1.16
üóØ2022 - 1.14

#Brexit‚Ä¶"
277,2022-09-20 17:29:28+00:00,galmugulat,RT @brhan50964202: Kaari Betty Murungi is calling on the üá™üáπ|n govt to ‚Äúimmediately restore basic services and ensure full and unfettered hu‚Ä¶
278,2022-09-20 17:29:28+00:00,bp_lalisei,"RT @indiatvnews: #Lisa, the youngest member of #BLACKPINK, is ruling the world with her music, acting career, brand collaborations and othe‚Ä¶"
279,2022-09-20 17:29:28+00:00,Fan2021Arsenal,"RT @stuartpstevens: For all those who argued ‚Å¶@GlennYoungkin‚Å© was a ‚Äúnormal‚Äù guy who wouldn‚Äôt go along with Trump craziness, he‚Äôs campaigni‚Ä¶"
280,2022-09-20 17:29:28+00:00,vovowroro,"RT @HC_Hogz: Salute üêó, Join our underground poker game in Hellz City and win whitelist, NFTs, and Eth.  Our first poker tournament is tomor‚Ä¶"
281,2022-09-20 17:29:28+00:00,ryusooncart,"RT @JYPEITZY_JP: ITZY JAPAN 2nd SINGLE
„ÄéBlah Blah Blah„Äè
2022.10.05 Release

„ÄåBlah Blah Blah„ÄçMusic Video

https://t.co/RKUqDHS9FX

#ITZY  #B‚Ä¶"
282,2022-09-20 17:29:28+00:00,Z02xxxyyy,"RT @exidglobal_: [220918] EXID 10th Anniversary SINGLE ALBUM [X]

#HANI #ÌïòÎãà Î∂àÏù¥ÎÇò(FIRE) Concept Photo 

2022.09.29 THU. 6PM(KST)

#EXID #X #L‚Ä¶"
283,2022-09-20 17:29:28+00:00,VijayPa64440911,RT @USATODAY: 'A brazen scheme of staggering proportions': 47 people charged with siphoning $250M from COVID-19 relief program that fed chi‚Ä¶
284,2022-09-20 17:29:28+00:00,imranzakhil_21,"RT @ESPNcricinfo: Bhuvi was off the boil this evening #INDvAUS 

‚ñ∂Ô∏è https://t.co/ufK6aVyY0i https://t.co/520WxnhlHd"
285,2022-09-20 17:29:28+00:00,fcymun,"RT @MarkJrtnTrends: [20.09.2022]
ùôÑùôÇùôé: #markjrtn‚Äôs Momüê±

#GMMTV https://t.co/oEoU11WivR"
286,2022-09-20 17:29:28+00:00,rolandoando_,"RT @DiscussingFilm: ‚ÄòANDOR‚Äô exceeds all expectations and already might be the best live-action Star Wars series yet.

Read our ‚òÖ ‚òÖ ‚òÖ ‚òÖ ‚òÖ re‚Ä¶"
287,2022-09-20 17:29:28+00:00,TechCrunch,Europe's top court chalks up more strikes against bulk data retention https://t.co/FzQTnHRmfi by @riptari
288,2022-09-20 17:29:28+00:00,WeatherwaxVimes,"Lay Zhang's new EP - West - will be out soon. Title track, VEIL, out on September 21st 2022 at 10:00AM (UTC+8)

https://t.co/kQYyoBISW9

#LAY_VEIL 
#LAY 
@layzhang https://t.co/oHP0VybzG0"
289,2022-09-20 17:29:28+00:00,TeresitaF8,RT @kylegriffin1: Ex-Trump White House lawyer Eric Herschmann warned Trump ‚Äî late last year ‚Äî that he could face legal liability if he did‚Ä¶
290,2022-09-20 17:29:28+00:00,EXOveil1485,"RT @xunonme: #SEHUN moves are so sharp, smooth, and clean. and it makes everyone crazy!!

          2021                        2022 https:‚Ä¶"
291,2022-09-20 17:29:28+00:00,daniel_kahssay,RT @Justice4Tigrai: Deadly childhood diseases rise in Ethiopia's Tigray as war hampers vaccinations | Reuters https://t.co/AdlmHN8DD1
292,2022-09-20 17:29:28+00:00,JoeThorpe1963,Queen Elizabeth's funeral was the greatest diplomatic triumph in modern history https://t.co/abf2ESUSzG
293,2022-09-20 17:29:28+00:00,kmespta,"RT @District204: Congratulations to @KMElem who achieved 2022-23 MN School of Excellence validation, the result of a rigorous process of se‚Ä¶"
294,2022-09-20 17:29:28+00:00,TheTruth712121,"RT @EuromaidanPress: The U.S. may provide ‚ÄúNATO compatible‚Äù tanks to Ukraine to replace Soviet-era equipment 

""Tanks are absolutely on the‚Ä¶"
295,2022-09-20 17:29:28+00:00,pesin_granChild,"RT @TrustEderhi: @_FluffyFaith_ U want a man to plan a date, Really? In 2022 wen we all want2be equal? Treated equal&amp; av exactly thesame ri‚Ä¶"
296,2022-09-20 17:29:28+00:00,AliAdemAhmed7,"RT @martinplaut: ""We have been tracking Eritrean troops' movement across the border ... and we condemn it,"" Mike Hammer told reporters in a‚Ä¶"
297,2022-09-20 17:29:28+00:00,upchuck66,"RT @AWeissmann_: Trump team: welcome to planet earth! 
Dearie is not going to put up with your crap. You now need to answer: What are you s‚Ä¶"
298,2022-09-20 17:29:28+00:00,PrivateersHoops,"the official photo gallery of our 2022 Costa Rica Trip is now available!üì∏üá®üá∑‚§µÔ∏è

üîóhttps://t.co/XxpN2Bdfp9 https://t.co/p86aJkFJVW"
299,2022-09-20 17:29:28+00:00,sunshine_Junhee,RT @akosikaye1311: What‚Äôs up with that cute smile Yongha! #YOOYONGHA #WEi #2022_WEi_WORLD_TOUR https://t.co/iluQxbMrew
